﻿cargo,seccion,casilla,municipio,clave_elector,nombre,session,representante,genero,estado provincia,telefono_fijo,telefono_movil,email,antecedentes,status_2025,domicilio
OE2,2939,B URBANA,Dtto 2: JUAREZ,ZGLRMR82012905M700,MARIA MARGARITA ZUÃIGA LIRA,"Sección 2939, Casilla BÁSICA",REPRESENTANTE CASILLA 2,Mujer,CHIHUAHUA,,6561128600,No disponible,,No disponible,"DOMICILIO  DESIERTO DE COLORADO 1706 PARAJES DEL ORIENTE JUAREZ, CHIHUAHUA CP: 32575 , SECCIÓN: 1888"
OE1,2510,B NO URBANA,Dtto 2: JUAREZ,NVESAB90041508M000,ABIGAL NAVARRO ESPINO,"Sección 2510, Casilla BÁSICA",REPRESENTANTE CASILLA 1,Mujer,CHIHUAHUA,,,No disponible,,No disponible,"DOMICILIO  CENTENARIO SN PRAXEDIS G GUERRERO PRAXEDIS G. GUERRERO, CHIHUAHUA CP: 32780 , SECCIÓN: 2511"
OE1,3078,B URBANA,Dtto 2: JUAREZ,DZPLAD75021708M500,ADELA DIAZ PALOMARES,"Sección 3078, Casilla BÁSICA",REPRESENTANTE CASILLA 1,Mujer,CHIHUAHUA,6565968238,,No disponible,,No disponible,"DOMICILIO  DIAZ 317 FRACC. RIBERAS DEL BRAVO VII JUAREZ, CHIHUAHUA CP: 32594 , SECCIÓN: 3078"
OE1,3079,B URBANA,Dtto 2: JUAREZ,LPRNAD81081432M800,ADELA LOPEZ RENTERIA,"Sección 3079, Casilla BÁSICA",REPRESENTANTE CASILLA 1,Mujer,CHIHUAHUA,6563394976,,No disponible,,No disponible,"DOMICILIO  RIVERA CRUZ 383 FRACC. RIVERAS DEL BRAVO JUAREZ, CHIHUAHUA CP: 32594 , SECCIÓN: 3079"
OE1,2933,B URBANA,Dtto 2: JUAREZ,AGRVAD07020408H200,ADRIAN AGUIRRE RIVAS,"Sección 2933, Casilla BÁSICA",REPRESENTANTE CASILLA 1,Hombre,CHIHUAHUA,,,No disponible,,No disponible,"DOMICILIO  PUERTO MESINA 25 SIMON RODRIGUEZ JUAREZ, CHIHUAHUA CP: 32590 , SECCIÓN: 2933"
OE2,2948,B URBANA,Dtto 2: JUAREZ,CRCRAD89090820M700,ADRIANA CARRERA CRUZ,"Sección 2948, Casilla BÁSICA",REPRESENTANTE CASILLA 2,Mujer,CHIHUAHUA,,6561482815,No disponible,,No disponible,"DOMICILIO  DESIERTO DE SAHARA SUR 1518 2 PARAJES DEL ORIENTE JUAREZ, CHIHUAHUA CP: 32575 , SECCIÓN: 2943"
OE2,2734,B URBANA,Dtto 2: JUAREZ,LPJRAD89111621M000,ADRIANA LOPEZ JORGE,"Sección 2734, Casilla BÁSICA",REPRESENTANTE CASILLA 2,Mujer,CHIHUAHUA,,6564417951,No disponible,Representante por Morena 2024 en CHIHUAHUA dtto 1(OE2 en la sección 2740 casilla B),No disponible,"DOMICILIO  ANDRES DE PERALTA 2212 MANUEL CLOUTHIER JUAREZ, CHIHUAHUA CP: 32575 , SECCIÓN: 2734"
OE1,2943,B URBANA,Dtto 2: JUAREZ,MRXXAD81072208M800,ADRIANA MAGDALENA MARISAL XX,"Sección 2943, Casilla BÁSICA",REPRESENTANTE CASILLA 1,Mujer,CHIHUAHUA,6564483894,,No disponible,,No disponible,"DOMICILIO  DESIERRTO DE NUBIA 170 PARAJE DE ORIENTE JUAREZ, CHIHUAHUA CP: 32575 , SECCIÓN: 2943"
OE1,3092,B URBANA,Dtto 2: JUAREZ,MRAMAS95112310M300,AISLINN CLARISSA MORENO AMAYA,"Sección 3092, Casilla BÁSICA",REPRESENTANTE CASILLA 1,Mujer,CHIHUAHUA,,6568503389,No disponible,,No disponible,"DOMICILIO  RIVERA DE ARARECO 308 FRACC. RIVERAS DEL BRAVO VII JUAREZ, CHIHUAHUA CP: 32594 , SECCIÓN: 3092"
OE1,2514,B URBANA,Dtto 2: JUAREZ,VRESAL89090508M200,ALEJANDRA VERA ESPINO,"Sección 2514, Casilla BÁSICA",REPRESENTANTE CASILLA 1,Mujer,CHIHUAHUA,6568185302,,No disponible,,No disponible,"DOMICILIO  C.SEPTIMA Y CENTENARIO SN SIMON RODRIGUEZ JUAREZ, CHIHUAHUA CP: 32790 , SECCIÓN: 2511"
OE1,2969,B URBANA,Dtto 2: JUAREZ,CMGRAL58041208H400,ALFONSO CAMPOS GARCIA,"Sección 2969, Casilla BÁSICA",REPRESENTANTE CASILLA 1,Hombre,CHIHUAHUA,,6567687699,No disponible,Representante por Morena 2024 en CHIHUAHUA dtto 2(OE1 en la sección 2781 casilla C8),No disponible,"DOMICILIO  DESIERTO DE VICAINO 1536 PARAJE DE ORIENTE JUAREZ, CHIHUAHUA CP: 32575 , SECCIÓN: 2969"
0,3005,0,Dtto 2: JUAREZ,DZMRAL69120911M300,ALICIA DIAZ MORALES,SIN ASIGNAR,REPRESENTANTE CASILLA,Mujer,CHIHUAHUA,,6565859075,No disponible,Representante por Morena 2024 en CHIHUAHUA dtto 2(OE3 en la sección 3005 casilla B),No disponible,"DOMICILIO  RIVERAS DE SANTIN 474 RIVERAS DEL BRAVO JUAREZ, CHIHUAHUA CP: 32594 , SECCIÓN: 3005"
OE2,2951,B URBANA,Dtto 2: JUAREZ,GRNZAL61100908M500,ALICIA GUERRERO NUÑEZ,"Sección 2951, Casilla BÁSICA",REPRESENTANTE CASILLA 2,Mujer,CHIHUAHUA,,6564327294,No disponible,,No disponible,"DOMICILIO  PUERTO ALICANTE 1414 31 PARAJES DEL ORIENTE JUAREZ, CHIHUAHUA CP: 32575 , SECCIÓN: 2951"
0,1134,0,Dtto 2: JUAREZ,HRSTAL72102508M100,ALICIA ANGELICA HURTADO SOTO,SIN ASIGNAR,REPRESENTANTE CASILLA,Mujer,CHIHUAHUA,,6561497854,No disponible,Representante por Morena 2024 en CHIHUAHUA dtto 2(OE2 en la sección 1134 casilla B),No disponible,"DOMICILIO  SN SN GUADALUPE GUADALUPE, CHIHUAHUA CP: 32740 , SECCIÓN: 1134"
OE1,2913,B URBANA,Dtto 2: JUAREZ,MLMNAL65120330M300,ALIDA REYNA MOLINA MENDEZ,"Sección 2913, Casilla BÁSICA",REPRESENTANTE CASILLA 1,Mujer,CHIHUAHUA,,,No disponible,,No disponible,"DOMICILIO  BAHIA DE KINO 1154 SIMON RODRIGUEZ JUAREZ, CHIHUAHUA CP: 32590 , SECCIÓN: 2913"
OE1,2992,B URBANA,Dtto 2: JUAREZ,DZRYAL67012510M200,ALMA DELIA DIAZ REYES,"Sección 2992, Casilla BÁSICA",REPRESENTANTE CASILLA 1,Mujer,CHIHUAHUA,,6566066748,No disponible,Representante por Morena 2024 en CHIHUAHUA dtto 2(OE3 en la sección 2998 casilla B),No disponible,"DOMICILIO  ARABE 9258 HACIENDA DE LAS TORRES JUAREZ, CHIHUAHUA CP: 32575 , SECCIÓN: 2998"
0,2988,0,Dtto 2: JUAREZ,JRGRAL68020808M001,ALMA ROSA JURADO GARCIA,SIN ASIGNAR,REPRESENTANTE CASILLA,Mujer,CHIHUAHUA,,6562001993,No disponible,Representante por Morena 2024 en CHIHUAHUA dtto 2(OE3 en la sección 2988 casilla B),No disponible,"DOMICILIO  SOL DE GARDENIAS 5858 VISTAS DE ZARAGOZA JUAREZ, CHIHUAHUA CP: 32575 , SECCIÓN: 2988"
OE1,2997,B URBANA,Dtto 2: JUAREZ,GRARAM72071008M700,AMALIA LORENA GARCIA ARZABALA,"Sección 2997, Casilla BÁSICA",REPRESENTANTE CASILLA 1,Mujer,CHIHUAHUA,6566545703,6566387313,No disponible,,No disponible,"DOMICILIO  CERRO TEPOZTECO 1504 CERRADAS DEL SUR JUAREZ, CHIHUAHUA CP: 32575 , SECCIÓN: 2893"
OE2,2983,B URBANA,Dtto 2: JUAREZ,ZTRPAM85071030M201,AMELIA ZETINA RUPERTO,"Sección 2983, Casilla BÁSICA",REPRESENTANTE CASILLA 2,Mujer,CHIHUAHUA,6567752841,,No disponible,,No disponible,"DOMICILIO  VOLCAN VILLARICA 2820 PARAJE DE SAN ISIDRO JUAREZ, CHIHUAHUA CP: 32575 , SECCIÓN: 2983"
0,3025,0,Dtto 2: JUAREZ,VLPCAN91020730M400,ANA FABIOLA VELAZQUEZ PACHECO,SIN ASIGNAR,REPRESENTANTE CASILLA,Mujer,CHIHUAHUA,,,No disponible,,No disponible,DOMICILIO
0,2783,0,Dtto 2: JUAREZ,PNTRAN69081208M700,ANA LAURA PIÑON TRUJILLO,SIN ASIGNAR,REPRESENTANTE CASILLA,Mujer,CHIHUAHUA,,6568325305,No disponible,Representante por Morena 2024 en CHIHUAHUA dtto 2(OE1 en la sección 0001 casilla B),No disponible,"DOMICILIO  FELIPE ANGELES 1208 2DO BARRIO AHUMADA, CHIHUAHUA CP: 32800 , SECCIÓN: 1"
OE2,3081,B URBANA,Dtto 2: JUAREZ,RZGRAN00111408M900,ANA LAURA REZA GARCIA,"Sección 3081, Casilla BÁSICA",REPRESENTANTE CASILLA 2,Mujer,CHIHUAHUA,6561928320,,No disponible,,No disponible,"DOMICILIO  RIVERA CORRAL 568 RIVERAS DEL RIO JUAREZ, CHIHUAHUA CP: 32594 , SECCIÓN: 3081"
OE2,2950,B URBANA,Dtto 2: JUAREZ,ACRVAN81030805M400,ANA LILIA ACOSTA RIVAS,"Sección 2950, Casilla BÁSICA",REPRESENTANTE CASILLA 2,Mujer,CHIHUAHUA,6564672129,,No disponible,,No disponible,"DOMICILIO  DESIERTO DE MEXICO 1417 52 FRACC. PARAJE DE ORIENTE JUAREZ, CHIHUAHUA CP: 32575 , SECCIÓN: 2950"
OE1,3328,B URBANA,Dtto 2: JUAREZ,LYPRAN59113030M802,ANA MARIA LEYVA PEREZ,"Sección 3328, Casilla BÁSICA",REPRESENTANTE CASILLA 1,Mujer,CHIHUAHUA,,,No disponible,,No disponible,"DOMICILIO  PUERTO MARSELLA 1980 EL ZAUZAL JUAREZ, CHIHUAHUA CP: 32599 , SECCIÓN: 3021"
OE2,2736,B URBANA,Dtto 2: JUAREZ,GLCHAN78051608M600,ANA PATRICIA GALARZA CHAVIRA,"Sección 2736, Casilla BÁSICA",REPRESENTANTE CASILLA 2,Mujer,CHIHUAHUA,,6564768239,No disponible,,No disponible,"DOMICILIO  COPOS SN MANUEL GOMEZ MORIN JUAREZ, CHIHUAHUA CP: 32575 , SECCIÓN: 2736"
OE2,2941,B URBANA,Dtto 2: JUAREZ,GBLNAN80010830M400,ANABEL GABRIEL LEON,"Sección 2941, Casilla BÁSICA",REPRESENTANTE CASILLA 2,Mujer,CHIHUAHUA,,6563386203,No disponible,Representante por Morena 2024 en CHIHUAHUA dtto 2(OE2 en la sección 2941 casilla B),No disponible,"DOMICILIO  DESIERTO DE IRAN 1406 6 HACIENDA SANTA FE JUAREZ, CHIHUAHUA CP: 32575 , SECCIÓN: 2941"
OE1,3070,B URBANA,Dtto 2: JUAREZ,ABFLAN54041530M200,ANASTACIA ABURTO FLORES,"Sección 3070, Casilla BÁSICA",REPRESENTANTE CASILLA 1,Mujer,CHIHUAHUA,,6564663734,No disponible,,No disponible,"DOMICILIO  RIVERA SANTIN 460 RIVERAS DEL BRAVO JUAREZ, CHIHUAHUA CP: 32599 , SECCIÓN: 3070"
0,2925,0,Dtto 2: JUAREZ,MNLLAN00042030M900,ANDREA MINGUEZ LEAL,SIN ASIGNAR,REPRESENTANTE CASILLA,Mujer,CHIHUAHUA,,6566090958,No disponible,"La clave de elector no concuerda con el nombre, Representante de otro partido 2024 (PT)",No disponible,"DOMICILIO  PUERTO SAN BLAS 1724 TIERRA NUEVA JUAREZ, CHIHUAHUA CP: 32599 , SECCIÓN: 2923"
OE1,2955,B URBANA,Dtto 2: JUAREZ,IBRSAN01070305H900,ANGEL DANIEL IBARRA RIOS,"Sección 2955, Casilla BÁSICA",REPRESENTANTE CASILLA 1,Hombre,CHIHUAHUA,,,No disponible,,No disponible,"DOMICILIO  DESIERTO DE KAVIR 1435 FRACC. PARAJE DE ORIENTE JUAREZ, CHIHUAHUA CP: 32575 , SECCIÓN: 2955"
OE2,1886,B URBANA,Dtto 2: JUAREZ,MRGRAN06030408H000,ANGEL GABRIEL MARQUEZ GARAY,"Sección 1886, Casilla BÁSICA",REPRESENTANTE CASILLA 2,Hombre,CHIHUAHUA,6567713787,,No disponible,,No disponible,"DOMICILIO  AGUSTIN MELGAR 321 ZARAGOZA JUAREZ, CHIHUAHUA CP: 32590 , SECCIÓN: 1886"
OE2,2956,B URBANA,Dtto 2: JUAREZ,LZPRAN76090608M300,ANGELICA LOZOYA PEREZ,"Sección 2956, Casilla BÁSICA",REPRESENTANTE CASILLA 2,Mujer,CHIHUAHUA,6565566253,,No disponible,,No disponible,"DOMICILIO  DESIERTO DE LUT SUR 125 8 FRACC. PARAJE DE ORIENTE JUAREZ, CHIHUAHUA CP: 32575 , SECCIÓN: 2956"
OE2,2907,B URBANA,Dtto 2: JUAREZ,LPCHAN81021920M900,ANGELICA MARIA LOPEZ CHAVEZ,"Sección 2907, Casilla BÁSICA",REPRESENTANTE CASILLA 2,Mujer,CHIHUAHUA,6562505522,,No disponible,,No disponible,"DOMICILIO  EJIDO EL VERGEL MURO 51 SIMON RODRIGUEZ JUAREZ, CHIHUAHUA CP: 32590 , SECCIÓN: 2907"
OE2,2781,B URBANA,Dtto 2: JUAREZ,RMPNAN69082505M500,ANTONIA RAMOS PUENTES,"Sección 2781, Casilla BÁSICA",REPRESENTANTE CASILLA 2,Mujer,CHIHUAHUA,6565862110,,No disponible,,No disponible,"DOMICILIO  PUERTO DURANGO 2931 PUERTO CASTILLAS JUAREZ, CHIHUAHUA CP: 32599 , SECCIÓN: 2931"
OE2,3327,B URBANA,Dtto 2: JUAREZ,RDLNAN50012608M700,ANTONIA RODRIGUEZ LUNA,"Sección 3327, Casilla BÁSICA",REPRESENTANTE CASILLA 2,Mujer,CHIHUAHUA,,6563740452,No disponible,,No disponible,"DOMICILIO  MIGUEL HIDALGO 887 EL ZAUZAL JUAREZ, CHIHUAHUA CP: 32599 , SECCIÓN: 3021"
OE2,2929,B URBANA,Dtto 2: JUAREZ,CSVCAN88122020H100,ANTONIO CASTILLO VICENTE,"Sección 2929, Casilla BÁSICA",REPRESENTANTE CASILLA 2,Hombre,CHIHUAHUA,,,No disponible,,No disponible,DOMICILIO
OE1,2516,B NO URBANA,Dtto 2: JUAREZ,GTCRAN98042608H800,ANTONIO GUTIERREZ CARDENAS,"Sección 2516, Casilla BÁSICA",REPRESENTANTE CASILLA 1,Hombre,CHIHUAHUA,,,No disponible,,No disponible,"DOMICILIO  COLONIA ESPERANZA SN PRAXEDIS G GUERRERO PRAXEDIS G. GUERRERO, CHIHUAHUA CP: 32780 , SECCIÓN: 2516"
OE2,3066,B URBANA,Dtto 2: JUAREZ,HRABAN52061312H001,ANTONIO HERNANDEZ ABARCA,"Sección 3066, Casilla BÁSICA",REPRESENTANTE CASILLA 2,Hombre,CHIHUAHUA,6561989056,,No disponible,,No disponible,"DOMICILIO  RIVERA DE PORTUGAL 533 RIVERAS DEL RIO JUAREZ, CHIHUAHUA CP: 32594 , SECCIÓN: 3066"
OE2,3048,B URBANA,Dtto 2: JUAREZ,TRHRAN90061430H400,ANTONIO TORRES HERNANDEZ,"Sección 3048, Casilla BÁSICA",REPRESENTANTE CASILLA 2,Hombre,CHIHUAHUA,6562716700,,No disponible,,No disponible,"DOMICILIO  RIVERA DE GOYCO 341 RIVERAS DEL RIO JUAREZ, CHIHUAHUA CP: 32594 , SECCIÓN: 3048"
OE2,2960,B URBANA,Dtto 2: JUAREZ,QNOLAR86080410M000,ARACELI QUINTERO OLIVARES,"Sección 2960, Casilla BÁSICA",REPRESENTANTE CASILLA 2,Mujer,CHIHUAHUA,,6568552447,No disponible,,No disponible,"DOMICILIO  DESIERTO DE SIMPSON SUR 1438 50 PARAJE DE ORIENTE JUAREZ, CHIHUAHUA CP: 32575 , SECCIÓN: 2960"
OE1,2931,B URBANA,Dtto 2: JUAREZ,DRALAR92071310M900,ARELY DURON ALVAREZ,"Sección 2931, Casilla BÁSICA",REPRESENTANTE CASILLA 1,Mujer,CHIHUAHUA,6564907173,,No disponible,,No disponible,"DOMICILIO  PUERTO MESINA 1633 TIERRA NUEVA JUAREZ, CHIHUAHUA CP: 32590 , SECCIÓN: 2931"
OE2,2977,B URBANA,Dtto 2: JUAREZ,CRPNAR64073112H201,ARGIMIRO CRUZ PANTALEON,"Sección 2977, Casilla BÁSICA",REPRESENTANTE CASILLA 2,Hombre,CHIHUAHUA,,,No disponible,,No disponible,"DOMICILIO  VOLCAN VILLARICA 2686 PARAJE DE SAN ISIDRO JUAREZ, CHIHUAHUA CP: 32575 , SECCIÓN: 2686"
OE1,2971,B URBANA,Dtto 2: JUAREZ,MLVLAR79072830H400,ARTEMIO MALAGA VILLASECA,"Sección 2971, Casilla BÁSICA",REPRESENTANTE CASILLA 1,Hombre,CHIHUAHUA,,,No disponible,,No disponible,"DOMICILIO  PROVINCIA GIRONA 2559 FRACC. PARAJE DE ORIENTE JUAREZ, CHIHUAHUA CP: 32575 , SECCIÓN: 2971"
OE1,2983,B URBANA,Dtto 2: JUAREZ,CMHRAR56112407H100,ARTURO CAMPOS HERNADEZ,"Sección 2983, Casilla BÁSICA",REPRESENTANTE CASILLA 1,Hombre,CHIHUAHUA,6563596770,,No disponible,,No disponible,"DOMICILIO  VOLCAN DE AGUA 1083 SAN ISIDRO JUAREZ, CHIHUAHUA CP: 32575 , SECCIÓN: 2983"
OE2,1129,B URBANA,Dtto 2: JUAREZ,SNSNAR95060908H800,ARTURO SANCHEZ SANCHEZ,"Sección 1129, Casilla BÁSICA",REPRESENTANTE CASILLA 2,Hombre,CHIHUAHUA,,6562674271,No disponible,,No disponible,"DOMICILIO  RINCONADA DEL MIMBRE SN DR. PORFIRIO PARRA GUADALUPE, CHIHUAHUA CP: 32741 , SECCIÓN: 1134"
OE2,2509,B URBANA,Dtto 2: JUAREZ,VLESAR02061908H500,ARTURO VALENZUELA ESPINO,"Sección 2509, Casilla BÁSICA",REPRESENTANTE CASILLA 2,Hombre,CHIHUAHUA,6565901598,,No disponible,,No disponible,"DOMICILIO  CENTENARIO 32780 PRAXEDIS G GUERRERO PRAXEDIS G. GUERRERO, CHIHUAHUA CP: 32780 , SECCIÓN: 2509"
OE2,1874,B URBANA,Dtto 2: JUAREZ,CSESAS99111108M800,ASHLEEN ZULLEYME CASTAÑEDA ESPINOZA,"Sección 1874, Casilla BÁSICA",REPRESENTANTE CASILLA 2,Mujer,CHIHUAHUA,,6571378083,No disponible,Representante por Morena 2024 en CHIHUAHUA dtto 2(OE1 en la sección 1876 casilla B),No disponible,"DOMICILIO  PORFIRIO DIAZ 498 SIMON RODRIGUEZ JUAREZ, CHIHUAHUA CP: 32590 , SECCIÓN: 1874"
OE1,3174,B URBANA,Dtto 2: JUAREZ,HRDLAR81072608M100,AURORA HERNANDEZ DELGADO,"Sección 3174, Casilla BÁSICA",REPRESENTANTE CASILLA 1,Mujer,CHIHUAHUA,6562861924,,No disponible,,No disponible,"DOMICILIO  SENDEROS DE ARAVACA 1923 REAL DEL DESIERTI JUAREZ, CHIHUAHUA CP: 32575 , SECCIÓN: 3171"
0,3011,0,Dtto 2: JUAREZ,RNCRAR78013012M400,AURORA RENDON CORTES,SIN ASIGNAR,REPRESENTANTE CASILLA,Mujer,CHIHUAHUA,,6564253879,No disponible,,No disponible,"DOMICILIO  SIN NOMBRE SN LOS CARRILES AHUMADA, CHIHUAHUA CP: 32800 , SECCIÓN: 5"
OE2,2782,B URBANA,Dtto 2: JUAREZ,SLPRAZ76012608H600,AZAFATH SALCIDO PEREZ,"Sección 2782, Casilla BÁSICA",REPRESENTANTE CASILLA 2,Hombre,CHIHUAHUA,6563939312,,No disponible,,No disponible,"DOMICILIO  ATRAS QUEDO LA HUELLA SN PARAJE DE SAN ISIDRO JUAREZ, CHIHUAHUA CP: 32575 , SECCIÓN: 2930"
